{
  "41136_cx43_Z65": [
    {
      "label_name": "gap_junction",
      "bbox_x": 1001.0,
      "bbox_y": 936.0,
      "bbox_width": 12.5,
      "bbox_height": 14.5,
      "image_name": "41136_cx43_Z65.png",
      "image_width": 1671,
      "image_height": 1368,
      "score": 0.39208984375
    },
    {
      "label_name": "gap_junction",
      "bbox_x": 108.75,
      "bbox_y": 170.375,
      "bbox_width": 12.8125,
      "bbox_height": 14.125,
      "image_name": "41136_cx43_Z65.png",
      "image_width": 1671,
      "image_height": 1368,
      "score": 0.311279296875
    },
    {
      "label_name": "gap_junction",
      "bbox_x": 1013.0,
      "bbox_y": 170.875,
      "bbox_width": 16.0,
      "bbox_height": 17.25,
      "image_name": "41136_cx43_Z65.png",
      "image_width": 1671,
      "image_height": 1368,
      "score": 0.276123046875
    }
  ]
}